name,surname,email
Marta,Fernández,marta@gmail.com
Andrés,González,andres@miweb.com
Pepe,García,pepe@empresa.com
Laura,Smith,laura@company.com
"Arturo Luis",López,arturo@yahoo.com
